Link Name,Center of Mass X,Center of Mass Y,Center of Mass Z,Center of Mass Roll,Center of Mass Pitch,Center of Mass Yaw,Mass,Moment Ixx,Moment Ixy,Moment Ixz,Moment Iyy,Moment Iyz,Moment Izz,Visual X,Visual Y,Visual Z,Visual Roll,Visual Pitch,Visual Yaw,Mesh Filename,Color Red,Color Green,Color Blue,Color Alpha,Collision X,Collision Y,Collision Z,Collision Roll,Collision Pitch,Collision Yaw,Collision Mesh Filename,Material Name,SW Components,Coordinate System,Axis Name,Joint Name,Joint Type,Joint Origin X,Joint Origin Y,Joint Origin Z,Joint Origin Roll,Joint Origin Pitch,Joint Origin Yaw,Parent,Joint Axis X,Joint Axis Y,Joint Axis Z,Limit Effort,Limit Velocity,Limit Lower,Limit Upper,Calibration rising,Calibration falling,Dynamics Damping,Dynamics Friction,Safety Soft Upper,Safety Soft Lower,Safety K Position,Safety K Velocity
bacino_link,"1,63084527327795E-05","0,00482972023678639","-0,0681817318631012",0,0,0,"14,0934021081274","0,0949181150286265","-1,03230480747761E-05","-1,25085778882932E-05","0,170706666777228","0,00132631356646179","0,169800725598489",0,0,0,0,0,0,package://umanoa/meshes/bacino_link.STL,"0,752941176470588","0,752941176470588","0,752941176470588",1,0,0,0,0,0,0,package://umanoa/meshes/bacino_link.STL,,Articulating Man Complete ASMstp.STEP-1/Waist5 ArtM.STEP-1,Origin_global,,,,0,0,0,0,0,0,,0,0,0,,,,,,,,,,,,
coscia_dx_Link,"0,00662753240336589","-0,044826678010188","-0,0201614038322519",0,0,0,"11,8867774501735","0,303595205835885","0,000594465401412999","2,99085342904802E-05","0,0443849999482012","-0,0201705033753511","0,298071839790968",0,0,0,0,0,0,package://umanoa/meshes/coscia_dx_Link.STL,1,1,1,1,0,0,0,0,0,0,package://umanoa/meshes/coscia_dx_Link.STL,,Articulating Man Complete ASMstp.STEP-1/RightThighCalfFoot ArtM ASM.STEP-1/Thigh ArtM.STEP-1,sancadx,,anca_dx,fixed,"-0,0889",0,"-0,1905","1,5708",0,0,bacino_link,0,0,0,,,,,,,,,,,,
coscia_dx_rx_Link,"0,00662753240336589","-0,044826678010188","-0,0201614038322519",0,0,0,"11,8867774501735","0,303595205835885","0,000594465401412999","2,99085342904802E-05","0,0443849999482012","-0,0201705033753511","0,298071839790968",0,0,0,0,0,0,package://umanoa/meshes/coscia_dx_rx_Link.STL,1,1,1,1,0,0,0,0,0,0,package://umanoa/meshes/coscia_dx_rx_Link.STL,,Articulating Man Complete ASMstp.STEP-1/RightThighCalfFoot ArtM ASM.STEP-1/Thigh ArtM.STEP-1,sancadx,a_anca_dx_x,anca_dx_rx,revolute,0,0,0,0,0,0,coscia_dx_Link,-1,0,0,0,0,"-1,74","0,52",,,,,,,,
coscia_dx_ry_Link,"0,00662753240336589","-0,044826678010188","-0,0201614038322519",0,0,0,"11,8867774501735","0,303595205835885","0,000594465401412999","2,99085342904802E-05","0,0443849999482012","-0,0201705033753511","0,298071839790968",0,0,0,0,0,0,package://umanoa/meshes/coscia_dx_ry_Link.STL,1,1,1,1,0,0,0,0,0,0,package://umanoa/meshes/coscia_dx_ry_Link.STL,,Articulating Man Complete ASMstp.STEP-1/RightThighCalfFoot ArtM ASM.STEP-1/Thigh ArtM.STEP-1,sancadx,a_anca_dx_y,anca_dx_ry,revolute,0,0,0,0,0,0,coscia_dx_rx_Link,0,-1,0,0,0,"-1,57","1,57",,,,,,,,
coscia_dx_rz_Link,"0,00662753240336589","-0,044826678010188","-0,0201614038322519",0,0,0,"11,8867774501735","0,303595205835885","0,000594465401412999","2,99085342904802E-05","0,0443849999482012","-0,0201705033753511","0,298071839790968",0,0,0,0,0,0,package://umanoa/meshes/coscia_dx_rz_Link.STL,1,1,1,1,0,0,0,0,0,0,package://umanoa/meshes/coscia_dx_rz_Link.STL,,Articulating Man Complete ASMstp.STEP-1/RightThighCalfFoot ArtM ASM.STEP-1/Thigh ArtM.STEP-1,sancadx,a_anca_dx_z,anca_dx_rz,revolute,0,0,0,0,0,0,coscia_dx_ry_Link,0,0,1,0,0,"-0,7","0,35",,,,,,,,
polpaccio_dx_rx_Link,"-0,000304420917175363","-0,109966681022119","-0,0130003073633206",0,0,0,"6,86310239666224","0,139910119437171","-5,11988110893528E-05","-1,18777943387184E-05","0,0161961116536394","-0,0102294578236297","0,138969335978628",0,0,0,0,0,0,package://umanoa/meshes/polpaccio_dx_rx_Link.STL,1,1,1,1,0,0,0,0,0,0,package://umanoa/meshes/polpaccio_dx_rx_Link.STL,,Articulating Man Complete ASMstp.STEP-1/RightThighCalfFoot ArtM ASM.STEP-1/Calf ArtM.STEP-1,ginocchiodx,aginocchiodx,ginocchio_dx_rx,revolute,"0,0065311","-0,35352","-0,044754",0,0,0,coscia_dx_rz_Link,-1,0,0,0,0,"0,66","-1,57",,,,,,,,
piede_dx_rx_Link,"0,000721562613339971","-0,0172273022014146","0,0502157348703868",0,0,0,"2,49810016737232","0,0109341663859979","2,37647768707714E-05","-0,00021392179843149","0,0109487988082798","0,00112175865463177","0,00283228719378269",0,0,0,0,0,0,package://umanoa/meshes/piede_dx_rx_Link.STL,"0,792156862745098","0,819607843137255","0,933333333333333",1,0,0,0,0,0,0,package://umanoa/meshes/piede_dx_rx_Link.STL,,Articulating Man Complete ASMstp.STEP-1/RightThighCalfFoot ArtM ASM.STEP-1/Right Foot ArtM.STEP-1,cavigliadx,acavigliadx,caviglia_dx_rx,revolute,"5,0188E-05","-0,37937","-0,035164",0,0,0,polpaccio_dx_rx_Link,-1,0,0,0,0,"-0,35","0,7",,,,,,,,
piede_dx_ry_Link,"0,000721562613339999","-0,0172273022014146","0,0502157348703868",0,0,0,"2,49810016737232","0,0109341663859979","2,37647768707714E-05","-0,00021392179843149","0,0109487988082798","0,00112175865463177","0,00283228719378269",0,0,0,0,0,0,package://umanoa/meshes/piede_dx_ry_Link.STL,"0,792156862745098","0,819607843137255","0,933333333333333",1,0,0,0,0,0,0,package://umanoa/meshes/piede_dx_ry_Link.STL,,Articulating Man Complete ASMstp.STEP-1/RightThighCalfFoot ArtM ASM.STEP-1/Right Foot ArtM.STEP-1,cavigliadx,caviglia_dx_y,caviglia_dx_ry,revolute,0,0,0,0,0,0,piede_dx_rx_Link,0,-1,0,0,0,"-0,52","0,52",,,,,,,,
piede_dx_Link,"0,000721562613339971","-0,0172273022014146","0,0502157348703868",0,0,0,"2,49810016737232","0,0109341663859979","2,37647768707714E-05","-0,00021392179843149","0,0109487988082798","0,00112175865463177","0,00283228719378269",0,0,0,0,0,0,package://umanoa/meshes/piede_dx_Link.STL,"0,792156862745098","0,819607843137255","0,933333333333333",1,0,0,0,0,0,0,package://umanoa/meshes/piede_dx_Link.STL,,Articulating Man Complete ASMstp.STEP-1/RightThighCalfFoot ArtM ASM.STEP-1/Right Foot ArtM.STEP-1,cavigliadx,Axis_caviglia_dx,caviglia_dx,fixed,0,0,0,0,0,0,piede_dx_ry_Link,0,0,0,,,,,,,,,,,,
coscia_sx_Link,"-0,00607204020530218","-0,0461359748866554","-0,000225075287491326",0,0,0,"11,886776881057","0,303598011640181","0,00059147291441526","-7,32059163231503E-05","0,0450746920057602","0,024110139094956","0,297384762883386",0,0,0,0,0,0,package://umanoa/meshes/coscia_sx_Link.STL,1,1,1,1,0,0,0,0,0,0,package://umanoa/meshes/coscia_sx_Link.STL,,Articulating Man Complete ASMstp.STEP-1/LeftThighCalfFoot ArtM ASM.STEP-1/Thigh ArtM.STEP-1,sancasx,,anca_sx,fixed,"0,0889","-0,0099886","-0,1901","1,5708",0,0,bacino_link,0,0,0,,,,,,,,,,,,
coscia_sx_rx_Link,"-0,006072","-0,046136","-0,00022508",0,0,0,"11,887","0,3036","0,00059147","-7,3206E-05","0,045075","0,02411","0,29738",0,0,0,0,0,0,package://umanoa/meshes/coscia_sx_rx_Link.STL,1,1,1,1,0,0,0,0,0,0,package://umanoa/meshes/coscia_sx_rx_Link.STL,,Articulating Man Complete ASMstp.STEP-1/LeftThighCalfFoot ArtM ASM.STEP-1/Thigh ArtM.STEP-1,sancasx,aancasx_x,anca_sx_rx,revolute,0,0,0,0,0,0,coscia_sx_Link,-1,0,0,0,0,"-1,74","0,52",,,,,,,,
coscia_sx_ry_Link,"-0,00607204020530218","-0,0461359748866554","-0,000225075287491326",0,0,0,"11,886776881057","0,303598011640181","0,000591472914415259","-7,32059163231502E-05","0,0450746920057602","0,024110139094956","0,297384762883386",0,0,0,0,0,0,package://umanoa/meshes/coscia_sx_ry_Link.STL,1,1,1,1,0,0,0,0,0,0,package://umanoa/meshes/coscia_sx_ry_Link.STL,,Articulating Man Complete ASMstp.STEP-1/LeftThighCalfFoot ArtM ASM.STEP-1/Thigh ArtM.STEP-1,sancasx,a_anca_sx_y,anca_sx_ry,revolute,0,0,0,0,0,0,coscia_sx_rx_Link,0,1,0,0,0,"-1,57","1,57",,,,,,,,
coscia_sx_rz_Link,"-0,00607204020530218","-0,0461359748866554","-0,000225075287491326",0,0,0,"11,886776881057","0,303598011640181","0,000591472914415259","-7,32059163231502E-05","0,0450746920057602","0,024110139094956","0,297384762883386",0,0,0,0,0,0,package://umanoa/meshes/coscia_sx_rz_Link.STL,1,1,1,1,0,0,0,0,0,0,package://umanoa/meshes/coscia_sx_rz_Link.STL,,Articulating Man Complete ASMstp.STEP-1/LeftThighCalfFoot ArtM ASM.STEP-1/Thigh ArtM.STEP-1,sancasx,a_anca_sx_z,anca_sx_rz,revolute,0,0,0,0,0,0,coscia_sx_ry_Link,0,0,1,0,0,"-0,7","0,35",,,,,,,,
polpaccio_sx_rx_Link,"-0,000304376364054643","-0,105874814203783","-0,0466388955605134",0,0,0,"6,86310250556743","0,139910202667","-4,91566097376849E-05","-1,85162512352105E-05","0,0209985608427251","-0,0259074740816005","0,13416676775691",0,0,0,0,0,0,package://umanoa/meshes/polpaccio_sx_rx_Link.STL,1,1,1,1,0,0,0,0,0,0,package://umanoa/meshes/polpaccio_sx_rx_Link.STL,,Articulating Man Complete ASMstp.STEP-1/LeftThighCalfFoot ArtM ASM.STEP-1/Calf ArtM.STEP-1,sginocchiosx,aginocchiosx,ginocchio_sx_rx,revolute,"-0,0061689","-0,35444","0,028771",0,0,0,coscia_sx_rz_Link,1,0,0,0,0,"0,66","-1,57",,,,,,,,
piede_sx_rx_Link,"-0,00114662703793376","-0,0151448914064408","0,0583777382316568",0,0,0,"2,49652450251182","0,0109291066101329","-8,51264846863562E-06","0,000197722472104845","0,0110450676639959","0,000630741708385516","0,0027229068714671",0,0,0,0,0,0,package://umanoa/meshes/piede_sx_rx_Link.STL,"0,792156862745098","0,819607843137255","0,933333333333333",1,0,0,0,0,0,0,package://umanoa/meshes/piede_sx_rx_Link.STL,,Articulating Man Complete ASMstp.STEP-1/LeftThighCalfFoot ArtM ASM.STEP-1/Left Foot ArtM.STEP-1,scavigliasx,acavigliasx,cavilgia_sx_rx,revolute,"5,0188E-05","-0,37001","-0,1041",0,0,0,polpaccio_sx_rx_Link,-1,0,0,0,0,"-0,35","0,7",,,,,,,,
piede_sx_ry_Link,"-0,00114662703793376","-0,0151448914064408","0,0583777382316568",0,0,0,"2,49652450251182","0,0109291066101329","-8,51264846863559E-06","0,000197722472104845","0,0110450676639959","0,000630741708385516","0,0027229068714671",0,0,0,0,0,0,package://umanoa/meshes/piede_sx_ry_Link.STL,"0,792156862745098","0,819607843137255","0,933333333333333",1,0,0,0,0,0,0,package://umanoa/meshes/piede_sx_ry_Link.STL,,Articulating Man Complete ASMstp.STEP-1/LeftThighCalfFoot ArtM ASM.STEP-1/Left Foot ArtM.STEP-1,scavigliasx,caviglia_sx_y,caviglia_sx_ry,revolute,0,0,0,0,0,0,piede_sx_rx_Link,0,-1,0,0,0,"-0,52","0,52",,,,,,,,
piede_sx_Link,"-0,00114662703793378","-0,0151448914064408","0,0583777382316568",0,0,0,"2,49652450251182","0,0109291066101329","-8,51264846863559E-06","0,000197722472104845","0,0110450676639959","0,000630741708385516","0,0027229068714671",0,0,0,0,0,0,package://umanoa/meshes/piede_sx_Link.STL,"0,792156862745098","0,819607843137255","0,933333333333333",1,0,0,0,0,0,0,package://umanoa/meshes/piede_sx_Link.STL,,Articulating Man Complete ASMstp.STEP-1/LeftThighCalfFoot ArtM ASM.STEP-1/Left Foot ArtM.STEP-1,scavigliasx,,caviglia_sx,fixed,0,0,0,0,0,0,piede_sx_ry_Link,0,0,0,,,,,,,,,,,,
busto_Link,0,0,0,0,0,0,0,0,0,0,0,0,0,0,0,0,0,0,0,package://umanoa/meshes/busto_Link.STL,1,1,1,1,0,0,0,0,0,0,package://umanoa/meshes/busto_Link.STL,,Articulating Man Complete ASMstp.STEP-1/Trunk2_smaller ArtM.STEP-1,s_bacino,,busto,fixed,0,0,"0,0127","1,5708",0,0,bacino_link,0,0,0,,,,,,,,,,,,
busto_rx_Link,"-7,08042820760823E-06","0,319417381127728","0,00430747877918096",0,0,0,"42,2207301568567","1,30999404753053","-9,29927456062644E-06","-1,15057509719603E-05","0,609099091757231","-0,00512165621586603","1,66563031781146",0,0,0,0,0,0,package://umanoa/meshes/busto_rx_Link.STL,1,1,1,1,0,0,0,0,0,0,package://umanoa/meshes/busto_rx_Link.STL,,Articulating Man Complete ASMstp.STEP-1/Trunk2_smaller ArtM.STEP-1,s_bacino,a_bacino_x,colon_rx,revolute,0,0,0,0,0,0,busto_Link,-1,0,0,0,0,"-1,57","0,44",,,,,,,,
busto_ry_Link,"-7,08042820760887E-06","0,319417381127728","0,00430747877918096",0,0,0,"42,2207301568568","1,30999404753053","-9,29927456062347E-06","-1,15057509719562E-05","0,609099091757231","-0,00512165621586603","1,66563031781146",0,0,0,0,0,0,package://umanoa/meshes/busto_ry_Link.STL,1,1,1,1,0,0,0,0,0,0,package://umanoa/meshes/busto_ry_Link.STL,,Articulating Man Complete ASMstp.STEP-1/Trunk2_smaller ArtM.STEP-1,s_bacino,a_bacino_y,colon_ry,revolute,0,0,0,0,0,0,busto_rx_Link,0,1,0,0,0,"-0,78","0,78",,,,,,,,
busto_rz_Link,"-7,08042820760759E-06","0,319417381127728","0,00430747877918096",0,0,0,"42,2207301568567","1,30999404753053","-9,29927456062665E-06","-1,1505750971957E-05","0,609099091757231","-0,00512165621586603","1,66563031781146",0,0,0,0,0,0,package://umanoa/meshes/busto_rz_Link.STL,1,1,1,1,0,0,0,0,0,0,package://umanoa/meshes/busto_rz_Link.STL,,Articulating Man Complete ASMstp.STEP-1/Trunk2_smaller ArtM.STEP-1,s_bacino,a_bacino_z,colon_rz,revolute,0,0,0,0,0,0,busto_ry_Link,0,0,1,0,0,"-0,43","0,43",,,,,,,,
testa_rx_Link,"-0,00423147294842886","0,0848121292380327","0,00515202083844834",0,0,0,"9,49924466069704","0,062443092887276","-1,16854354981302E-05","-1,14673476590139E-05","0,0284227874057343","-0,00300477635944292","0,0597830390677052",0,0,0,0,0,0,package://umanoa/meshes/testa_rx_Link.STL,1,1,1,1,0,0,0,0,0,0,package://umanoa/meshes/testa_rx_Link.STL,,Articulating Man Complete ASMstp.STEP-1/Face_Verr7withEyeBallsASMstp.STEP-1/Face_Verr7withEyeBallsASM.STEP.STEP-1/EarFromGrabCad3_mirroredcc.STEP.STEP-1;Articulating Man Complete ASMstp.STEP-1/Face_Verr7withEyeBallsASMstp.STEP-1/Face_Verr7withEyeBallsASM.STEP.STEP-1/EyeBallWithLids.STEP.STEP-1;Articulating Man Complete ASMstp.STEP-1/Face_Verr7withEyeBallsASMstp.STEP-1/Face_Verr7withEyeBallsASM.STEP.STEP-1/Ear Create2 ASM.STEP.STEP-1/EarFromGrabCad3.STEP.STEP-1;Articulating Man Complete ASMstp.STEP-1/Face_Verr7withEyeBallsASMstp.STEP-1/Face_Verr7withEyeBallsASM.STEP.STEP-1/Eye Ball Rotating ASM.STEP.STEP-1;Articulating Man Complete ASMstp.STEP-1/Face_Verr7withEyeBallsASMstp.STEP-1/Face_Verr7withEyeBallsASM.STEP.STEP-1/EllipticalStartControl7.STEP.STEP-1;Articulating Man Complete ASMstp.STEP-1/Face_Verr7withEyeBallsASMstp.STEP-1/Face_Verr7withEyeBallsASM.STEP.STEP-1/Eye Ball Rotating ASM-1.STEP.STEP-1/EyeBallOnlyforRotatingASM.STEP.STEP-1;Articulating Man Complete ASMstp.STEP-1/Face_Verr7withEyeBallsASMstp.STEP-1/Face_Verr7withEyeBallsASM.STEP.STEP-1/Eye Ball Rotating ASM-1.STEP.STEP-1/BottomEyeLidRotating.STEP.STEP-1,s_collo,a_collo_x,collo_rx,revolute,0,"0,635",0,0,0,0,busto_rz_Link,1,0,0,0,0,"-1,05","0,57",,,,,,,,
testa_ry_Link,"-0,00423147294842886","0,0848121292380327","0,00515202083844834",0,0,0,"9,49924466069704","0,062443092887276","-1,16854354981299E-05","-1,14673476590141E-05","0,0284227874057343","-0,00300477635944292","0,0597830390677052",0,0,0,0,0,0,package://umanoa/meshes/testa_ry_Link.STL,1,1,1,1,0,0,0,0,0,0,package://umanoa/meshes/testa_ry_Link.STL,,Articulating Man Complete ASMstp.STEP-1/Face_Verr7withEyeBallsASMstp.STEP-1/Face_Verr7withEyeBallsASM.STEP.STEP-1/EarFromGrabCad3_mirroredcc.STEP.STEP-1;Articulating Man Complete ASMstp.STEP-1/Face_Verr7withEyeBallsASMstp.STEP-1/Face_Verr7withEyeBallsASM.STEP.STEP-1/EyeBallWithLids.STEP.STEP-1;Articulating Man Complete ASMstp.STEP-1/Face_Verr7withEyeBallsASMstp.STEP-1/Face_Verr7withEyeBallsASM.STEP.STEP-1/Ear Create2 ASM.STEP.STEP-1/EarFromGrabCad3.STEP.STEP-1;Articulating Man Complete ASMstp.STEP-1/Face_Verr7withEyeBallsASMstp.STEP-1/Face_Verr7withEyeBallsASM.STEP.STEP-1/Eye Ball Rotating ASM.STEP.STEP-1/TopEyeLidRotating.STEP.STEP-1;Articulating Man Complete ASMstp.STEP-1/Face_Verr7withEyeBallsASMstp.STEP-1/Face_Verr7withEyeBallsASM.STEP.STEP-1/Eye Ball Rotating ASM.STEP.STEP-1/BottomEyeLidRotating.STEP.STEP-1;Articulating Man Complete ASMstp.STEP-1/Face_Verr7withEyeBallsASMstp.STEP-1/Face_Verr7withEyeBallsASM.STEP.STEP-1/Eye Ball Rotating ASM.STEP.STEP-1/EyeBallOnlyforRotatingASM.STEP.STEP-1;Articulating Man Complete ASMstp.STEP-1/Face_Verr7withEyeBallsASMstp.STEP-1/Face_Verr7withEyeBallsASM.STEP.STEP-1/EllipticalStartControl7.STEP.STEP-1;Articulating Man Complete ASMstp.STEP-1/Face_Verr7withEyeBallsASMstp.STEP-1/Face_Verr7withEyeBallsASM.STEP.STEP-1/Eye Ball Rotating ASM-1.STEP.STEP-1/EyeBallOnlyforRotatingASM.STEP.STEP-1;Articulating Man Complete ASMstp.STEP-1/Face_Verr7withEyeBallsASMstp.STEP-1/Face_Verr7withEyeBallsASM.STEP.STEP-1/Eye Ball Rotating ASM-1.STEP.STEP-1/BottomEyeLidRotating.STEP.STEP-1,s_collo,a_collo_y,collo_ry,revolute,0,0,0,0,0,0,testa_rx_Link,0,-1,0,0,0,"-1,4","1,4",,,,,,,,
testa_rz_Link,"-0,0042994764407131","0,084903449003125","0,00528561556827116",0,0,0,"9,51616308063526","0,0624442133084464","-1,16854366186225E-05","-1,14673484552627E-05","0,0284241810054554","-0,00300483893482992","0,059784165007599",0,0,0,0,0,0,package://umanoa/meshes/testa_rz_Link.STL,1,1,1,1,0,0,0,0,0,0,package://umanoa/meshes/testa_rz_Link.STL,,Articulating Man Complete ASMstp.STEP-1/Face_Verr7withEyeBallsASMstp.STEP-1/Face_Verr7withEyeBallsASM.STEP.STEP-1/EarFromGrabCad3_mirroredcc.STEP.STEP-1;Articulating Man Complete ASMstp.STEP-1/Face_Verr7withEyeBallsASMstp.STEP-1/Face_Verr7withEyeBallsASM.STEP.STEP-1/EyeBallWithLids.STEP.STEP-1;Articulating Man Complete ASMstp.STEP-1/Face_Verr7withEyeBallsASMstp.STEP-1/Face_Verr7withEyeBallsASM.STEP.STEP-1/Ear Create2 ASM.STEP.STEP-1/EarFromGrabCad3.STEP.STEP-1;Articulating Man Complete ASMstp.STEP-1/Face_Verr7withEyeBallsASMstp.STEP-1/Face_Verr7withEyeBallsASM.STEP.STEP-1/Eye Ball Rotating ASM.STEP.STEP-1;Articulating Man Complete ASMstp.STEP-1/Face_Verr7withEyeBallsASMstp.STEP-1/Face_Verr7withEyeBallsASM.STEP.STEP-1/EllipticalStartControl7.STEP.STEP-1;Articulating Man Complete ASMstp.STEP-1/Face_Verr7withEyeBallsASMstp.STEP-1/Face_Verr7withEyeBallsASM.STEP.STEP-1/Eye Ball Rotating ASM-1.STEP.STEP-1,s_collo,a_collo_z,collo_rz,revolute,0,0,0,0,0,0,testa_ry_Link,0,0,-1,0,0,"-0,78","0,78",,,,,,,,
testa_Link,"-0,0042994764407131","0,084903449003125","0,00528561556827116",0,0,0,"9,51616308063527","0,0624442133084464","-1,16854366186223E-05","-1,14673484552624E-05","0,0284241810054554","-0,00300483893482992","0,059784165007599",0,0,0,0,0,0,package://umanoa/meshes/testa_Link.STL,1,1,1,1,0,0,0,0,0,0,package://umanoa/meshes/testa_Link.STL,,Articulating Man Complete ASMstp.STEP-1/Face_Verr7withEyeBallsASMstp.STEP-1/Face_Verr7withEyeBallsASM.STEP.STEP-1/EarFromGrabCad3_mirroredcc.STEP.STEP-1;Articulating Man Complete ASMstp.STEP-1/Face_Verr7withEyeBallsASMstp.STEP-1/Face_Verr7withEyeBallsASM.STEP.STEP-1/EyeBallWithLids.STEP.STEP-1;Articulating Man Complete ASMstp.STEP-1/Face_Verr7withEyeBallsASMstp.STEP-1/Face_Verr7withEyeBallsASM.STEP.STEP-1/Ear Create2 ASM.STEP.STEP-1/EarFromGrabCad3.STEP.STEP-1;Articulating Man Complete ASMstp.STEP-1/Face_Verr7withEyeBallsASMstp.STEP-1/Face_Verr7withEyeBallsASM.STEP.STEP-1/Eye Ball Rotating ASM.STEP.STEP-1;Articulating Man Complete ASMstp.STEP-1/Face_Verr7withEyeBallsASMstp.STEP-1/Face_Verr7withEyeBallsASM.STEP.STEP-1/EllipticalStartControl7.STEP.STEP-1;Articulating Man Complete ASMstp.STEP-1/Face_Verr7withEyeBallsASMstp.STEP-1/Face_Verr7withEyeBallsASM.STEP.STEP-1/Eye Ball Rotating ASM-1.STEP.STEP-1,s_collo,,collo,fixed,0,0,0,0,0,0,testa_rz_Link,0,0,0,,,,,,,,,,,,
bicipite_dx_Link,"-0,134925496806097","-0,0340848452073823","0,00910309159813259",0,0,0,"4,37432831162481","0,0323903616181337","-0,0116044812374463","0,0138304659353632","0,0370064257784088","0,0114099590316461","0,0344002508376811",0,0,0,0,0,0,package://umanoa/meshes/bicipite_dx_Link.STL,"0,752941176470588","0,752941176470588","0,752941176470588",1,0,0,0,0,0,0,package://umanoa/meshes/bicipite_dx_Link.STL,,Articulating Man Complete ASMstp.STEP-1/Right Arm ArtM ASM.STEP-1/Right Humerus-Biceps.STEP-1,s_spalla_dx,,spalla_dx,fixed,"-0,15132","0,47482","0,00064832",0,0,0,busto_rz_Link,0,0,0,,,,,,,,,,,,
bicipite_dx_rx_Link,"-0,134925496806097","-0,0340848452073823","0,00910309159813259",0,0,0,"4,37432831162481","0,0323903616181337","-0,0116044812374463","0,0138304659353632","0,0370064257784088","0,0114099590316461","0,0344002508376811",0,0,0,0,0,0,package://umanoa/meshes/bicipite_dx_rx_Link.STL,"0,752941176470588","0,752941176470588","0,752941176470588",1,0,0,0,0,0,0,package://umanoa/meshes/bicipite_dx_rx_Link.STL,,Articulating Man Complete ASMstp.STEP-1/Right Arm ArtM ASM.STEP-1/Right Humerus-Biceps.STEP-1,s_spalla_dx,a_spalla_dx_x,spalla_dx_rx,revolute,0,0,0,0,0,0,bicipite_dx_Link,-1,0,0,0,0,"-1,05","1,57",,,,,,,,
bicipite_dx_ry_Link,"-0,134925496806097","-0,0340848452073823","0,00910309159813259",0,0,0,"4,37432831162481","0,0323903616181337","-0,0116044812374463","0,0138304659353632","0,0370064257784088","0,0114099590316461","0,0344002508376811",0,0,0,0,0,0,package://umanoa/meshes/bicipite_dx_ry_Link.STL,"0,752941176470588","0,752941176470588","0,752941176470588",1,0,0,0,0,0,0,package://umanoa/meshes/bicipite_dx_ry_Link.STL,,Articulating Man Complete ASMstp.STEP-1/Right Arm ArtM ASM.STEP-1/Right Humerus-Biceps.STEP-1,s_spalla_dx,a_spalla_dx_y,spalla_dx_ry,revolute,0,0,0,0,0,0,bicipite_dx_rx_Link,0,1,0,0,0,"-1,57","1,4",,,,,,,,
bicipite_dx_rz_Link,"-0,134925496806097","-0,0340848452073823","0,00910309159813259",0,0,0,"4,37432831162481","0,0323903616181337","-0,0116044812374463","0,0138304659353632","0,0370064257784088","0,0114099590316461","0,0344002508376811",0,0,0,0,0,0,package://umanoa/meshes/bicipite_dx_rz_Link.STL,"0,752941176470588","0,752941176470588","0,752941176470588",1,0,0,0,0,0,0,package://umanoa/meshes/bicipite_dx_rz_Link.STL,,Articulating Man Complete ASMstp.STEP-1/Right Arm ArtM ASM.STEP-1/Right Humerus-Biceps.STEP-1,s_spalla_dx,a_spalla_dx_z,spalla_dx_rz,revolute,0,0,0,0,0,0,bicipite_dx_ry_Link,0,0,-1,0,0,"-0,87","2,62",,,,,,,,
avambraccio_dx_rx_Link,"0,00640171203686074","0,115378456843917","0,0174186456140455",0,0,0,"2,47455958799397","0,0220323949428965","0,00109799054244726","0,000332235534721599","0,00617156761844111","-0,00693311292457083","0,0188046728069392",0,0,0,0,0,0,package://umanoa/meshes/avambraccio_dx_rx_Link.STL,1,1,1,1,0,0,0,0,0,0,package://umanoa/meshes/avambraccio_dx_rx_Link.STL,,Articulating Man Complete ASMstp.STEP-1/Right Arm ArtM ASM.STEP-1/ForeArm ArtM.STEP-1,s_gomito_dx,a_gomito_dx,gomito_dx_rx,revolute,"-0,26746","-0,15599","0,14561",0,0,0,bicipite_dx_rz_Link,-1,0,0,0,0,"-1,05","1,57",,,,,,,,
mano_dx_rx_Link,"-0,0862287148213655","0,0519480038617924","0,0548049144750927",0,0,0,"1,09693295932978","0,00108659967519784","0,000358634269185419","0,000396636173161562","0,00194646759127748","-0,000243365223583501","0,00149061906997174",0,0,0,0,0,0,package://umanoa/meshes/mano_dx_rx_Link.STL,"0,752941176470588","0,752941176470588","0,752941176470588",1,0,0,0,0,0,0,package://umanoa/meshes/mano_dx_rx_Link.STL,,Articulating Man Complete ASMstp.STEP-1/Right Arm ArtM ASM.STEP-1/Right Hand ArtM ASM.STEP-1/LittleFinger ArrtM ASM-1.STEP-1;Articulating Man Complete ASMstp.STEP-1/Right Arm ArtM ASM.STEP-1/Right Hand ArtM ASM.STEP-1/IndexFinger ArrtM ASM-3.STEP-1/IndexFinger 1st Joint.STEP-1;Articulating Man Complete ASMstp.STEP-1/Right Arm ArtM ASM.STEP-1/Right Hand ArtM ASM.STEP-1/IndexFinger ArrtM ASM-3.STEP-1/IndexFinger 1st Joint.STEP-2;Articulating Man Complete ASMstp.STEP-1/Right Arm ArtM ASM.STEP-1/Right Hand ArtM ASM.STEP-1/IndexFinger ArrtM ASM-3.STEP-1/Index FingerNailt.STEP-1;Articulating Man Complete ASMstp.STEP-1/Right Arm ArtM ASM.STEP-1/Right Hand ArtM ASM.STEP-1/MiddlelFinger ArrtM ASM-1.STEP-1/IndexFinger 1st Joint.STEP-1;Articulating Man Complete ASMstp.STEP-1/Right Arm ArtM ASM.STEP-1/Right Hand ArtM ASM.STEP-1/MiddlelFinger ArrtM ASM-1.STEP-1/Index FingerNailt.STEP-1;Articulating Man Complete ASMstp.STEP-1/Right Arm ArtM ASM.STEP-1/Right Hand ArtM ASM.STEP-1/MiddlelFinger ArrtM ASM-1.STEP-1/MiddleFinger 1st Joint.STEP-1;Articulating Man Complete ASMstp.STEP-1/Right Arm ArtM ASM.STEP-1/Right Hand ArtM ASM.STEP-1/Thumb ArtM Asm-1.STEP-1/Thumb 2st Joint.STEP-1;Articulating Man Complete ASMstp.STEP-1/Right Arm ArtM ASM.STEP-1/Right Hand ArtM ASM.STEP-1/Thumb ArtM Asm-1.STEP-1/Thumb 3rd Joint.STEP-1;Articulating Man Complete ASMstp.STEP-1/Right Arm ArtM ASM.STEP-1/Right Hand ArtM ASM.STEP-1/Thumb ArtM Asm-1.STEP-1/Thumb 1st Joint.STEP-1;Articulating Man Complete ASMstp.STEP-1/Right Arm ArtM ASM.STEP-1/Right Hand ArtM ASM.STEP-1/Right Hand Base ArtM.STEP-1;Articulating Man Complete ASMstp.STEP-1/Right Arm ArtM ASM.STEP-1/Right Hand ArtM ASM.STEP-1/IndexFinger ArrtM ASM-2.STEP-1/Index FingerNailt.STEP-1;Articulating Man Complete ASMstp.STEP-1/Right Arm ArtM ASM.STEP-1/Right Hand ArtM ASM.STEP-1/IndexFinger ArrtM ASM-2.STEP-1/IndexFinger 1st Joint.STEP-2;Articulating Man Complete ASMstp.STEP-1/Right Arm ArtM ASM.STEP-1/Right Hand ArtM ASM.STEP-1/IndexFinger ArrtM ASM-2.STEP-1/IndexFinger 1st Joint.STEP-1,s_polso_dx,a_polso_dx_x,polso_dx_rx,revolute,"0,00095467","0,28215","0,085973",0,0,0,avambraccio_dx_rx_Link,-1,0,0,0,0,"-1,05","1,04",,,,,,,,
mano_dx_ry_Link,"-0,0862287148213655","0,0519480038617924","0,0548049144750927",0,0,0,"1,09693295932978","0,00108659967519784","0,000358634269185419","0,000396636173161562","0,00194646759127748","-0,000243365223583501","0,00149061906997174",0,0,0,0,0,0,package://umanoa/meshes/mano_dx_ry_Link.STL,"0,752941176470588","0,752941176470588","0,752941176470588",1,0,0,0,0,0,0,package://umanoa/meshes/mano_dx_ry_Link.STL,,Articulating Man Complete ASMstp.STEP-1/Right Arm ArtM ASM.STEP-1/Right Hand ArtM ASM.STEP-1/LittleFinger ArrtM ASM-1.STEP-1/Index FingerNailt.STEP-1;Articulating Man Complete ASMstp.STEP-1/Right Arm ArtM ASM.STEP-1/Right Hand ArtM ASM.STEP-1/LittleFinger ArrtM ASM-1.STEP-1/LittleFinger 2nd Joint.STEP-1;Articulating Man Complete ASMstp.STEP-1/Right Arm ArtM ASM.STEP-1/Right Hand ArtM ASM.STEP-1/LittleFinger ArrtM ASM-1.STEP-1/LittleFinger 1st Joint.STEP-1;Articulating Man Complete ASMstp.STEP-1/Right Arm ArtM ASM.STEP-1/Right Hand ArtM ASM.STEP-1/IndexFinger ArrtM ASM-3.STEP-1/IndexFinger 1st Joint.STEP-1;Articulating Man Complete ASMstp.STEP-1/Right Arm ArtM ASM.STEP-1/Right Hand ArtM ASM.STEP-1/IndexFinger ArrtM ASM-3.STEP-1/IndexFinger 1st Joint.STEP-2;Articulating Man Complete ASMstp.STEP-1/Right Arm ArtM ASM.STEP-1/Right Hand ArtM ASM.STEP-1/IndexFinger ArrtM ASM-3.STEP-1/Index FingerNailt.STEP-1;Articulating Man Complete ASMstp.STEP-1/Right Arm ArtM ASM.STEP-1/Right Hand ArtM ASM.STEP-1/MiddlelFinger ArrtM ASM-1.STEP-1/IndexFinger 1st Joint.STEP-1;Articulating Man Complete ASMstp.STEP-1/Right Arm ArtM ASM.STEP-1/Right Hand ArtM ASM.STEP-1/MiddlelFinger ArrtM ASM-1.STEP-1/Index FingerNailt.STEP-1;Articulating Man Complete ASMstp.STEP-1/Right Arm ArtM ASM.STEP-1/Right Hand ArtM ASM.STEP-1/MiddlelFinger ArrtM ASM-1.STEP-1/MiddleFinger 1st Joint.STEP-1;Articulating Man Complete ASMstp.STEP-1/Right Arm ArtM ASM.STEP-1/Right Hand ArtM ASM.STEP-1/Thumb ArtM Asm-1.STEP-1/Thumb 2st Joint.STEP-1;Articulating Man Complete ASMstp.STEP-1/Right Arm ArtM ASM.STEP-1/Right Hand ArtM ASM.STEP-1/Thumb ArtM Asm-1.STEP-1/Thumb 3rd Joint.STEP-1;Articulating Man Complete ASMstp.STEP-1/Right Arm ArtM ASM.STEP-1/Right Hand ArtM ASM.STEP-1/Thumb ArtM Asm-1.STEP-1/Thumb 1st Joint.STEP-1;Articulating Man Complete ASMstp.STEP-1/Right Arm ArtM ASM.STEP-1/Right Hand ArtM ASM.STEP-1/Right Hand Base ArtM.STEP-1;Articulating Man Complete ASMstp.STEP-1/Right Arm ArtM ASM.STEP-1/Right Hand ArtM ASM.STEP-1/IndexFinger ArrtM ASM-2.STEP-1/Index FingerNailt.STEP-1;Articulating Man Complete ASMstp.STEP-1/Right Arm ArtM ASM.STEP-1/Right Hand ArtM ASM.STEP-1/IndexFinger ArrtM ASM-2.STEP-1/IndexFinger 1st Joint.STEP-2;Articulating Man Complete ASMstp.STEP-1/Right Arm ArtM ASM.STEP-1/Right Hand ArtM ASM.STEP-1/IndexFinger ArrtM ASM-2.STEP-1/IndexFinger 1st Joint.STEP-1,s_polso_dx,a_polso_dx_y,polso_dx_ry,revolute,0,0,0,0,0,0,mano_dx_rx_Link,0,1,0,0,0,"-1,05","1,05",,,,,,,,
mano_dx_rz_Link,"-0,0862287148213654","0,0519480038617923","0,0548049144750927",0,0,0,"1,09693295932978","0,00108659967519784","0,000358634269185419","0,000396636173161562","0,00194646759127748","-0,000243365223583501","0,00149061906997174",0,0,0,0,0,0,package://umanoa/meshes/mano_dx_rz_Link.STL,"0,752941176470588","0,752941176470588","0,752941176470588",1,0,0,0,0,0,0,package://umanoa/meshes/mano_dx_rz_Link.STL,,Articulating Man Complete ASMstp.STEP-1/Right Arm ArtM ASM.STEP-1/Right Hand ArtM ASM.STEP-1/LittleFinger ArrtM ASM-1.STEP-1/Index FingerNailt.STEP-1;Articulating Man Complete ASMstp.STEP-1/Right Arm ArtM ASM.STEP-1/Right Hand ArtM ASM.STEP-1/LittleFinger ArrtM ASM-1.STEP-1/LittleFinger 2nd Joint.STEP-1;Articulating Man Complete ASMstp.STEP-1/Right Arm ArtM ASM.STEP-1/Right Hand ArtM ASM.STEP-1/LittleFinger ArrtM ASM-1.STEP-1/LittleFinger 1st Joint.STEP-1;Articulating Man Complete ASMstp.STEP-1/Right Arm ArtM ASM.STEP-1/Right Hand ArtM ASM.STEP-1/IndexFinger ArrtM ASM-3.STEP-1/IndexFinger 1st Joint.STEP-1;Articulating Man Complete ASMstp.STEP-1/Right Arm ArtM ASM.STEP-1/Right Hand ArtM ASM.STEP-1/IndexFinger ArrtM ASM-3.STEP-1/IndexFinger 1st Joint.STEP-2;Articulating Man Complete ASMstp.STEP-1/Right Arm ArtM ASM.STEP-1/Right Hand ArtM ASM.STEP-1/IndexFinger ArrtM ASM-3.STEP-1/Index FingerNailt.STEP-1;Articulating Man Complete ASMstp.STEP-1/Right Arm ArtM ASM.STEP-1/Right Hand ArtM ASM.STEP-1/MiddlelFinger ArrtM ASM-1.STEP-1/IndexFinger 1st Joint.STEP-1;Articulating Man Complete ASMstp.STEP-1/Right Arm ArtM ASM.STEP-1/Right Hand ArtM ASM.STEP-1/MiddlelFinger ArrtM ASM-1.STEP-1/Index FingerNailt.STEP-1;Articulating Man Complete ASMstp.STEP-1/Right Arm ArtM ASM.STEP-1/Right Hand ArtM ASM.STEP-1/MiddlelFinger ArrtM ASM-1.STEP-1/MiddleFinger 1st Joint.STEP-1;Articulating Man Complete ASMstp.STEP-1/Right Arm ArtM ASM.STEP-1/Right Hand ArtM ASM.STEP-1/Thumb ArtM Asm-1.STEP-1/Thumb 2st Joint.STEP-1;Articulating Man Complete ASMstp.STEP-1/Right Arm ArtM ASM.STEP-1/Right Hand ArtM ASM.STEP-1/Thumb ArtM Asm-1.STEP-1/Thumb 3rd Joint.STEP-1;Articulating Man Complete ASMstp.STEP-1/Right Arm ArtM ASM.STEP-1/Right Hand ArtM ASM.STEP-1/Thumb ArtM Asm-1.STEP-1/Thumb 1st Joint.STEP-1;Articulating Man Complete ASMstp.STEP-1/Right Arm ArtM ASM.STEP-1/Right Hand ArtM ASM.STEP-1/Right Hand Base ArtM.STEP-1;Articulating Man Complete ASMstp.STEP-1/Right Arm ArtM ASM.STEP-1/Right Hand ArtM ASM.STEP-1/IndexFinger ArrtM ASM-2.STEP-1/Index FingerNailt.STEP-1;Articulating Man Complete ASMstp.STEP-1/Right Arm ArtM ASM.STEP-1/Right Hand ArtM ASM.STEP-1/IndexFinger ArrtM ASM-2.STEP-1/IndexFinger 1st Joint.STEP-2;Articulating Man Complete ASMstp.STEP-1/Right Arm ArtM ASM.STEP-1/Right Hand ArtM ASM.STEP-1/IndexFinger ArrtM ASM-2.STEP-1/IndexFinger 1st Joint.STEP-1,s_polso_dx,a_polso_dx_z,polso_dx_rz,revolute,0,0,0,0,0,0,mano_dx_ry_Link,0,"0,0042356","0,99999",0,0,"-1,4","1,4",,,,,,,,
mano_dx_Link,"-0,0862287148213654","0,0519480038617923","0,0548049144750927",0,0,0,"1,09693295932978","0,00108659967519784","0,000358634269185419","0,000396636173161562","0,00194646759127748","-0,000243365223583501","0,00149061906997174",0,0,0,0,0,0,package://umanoa/meshes/mano_dx_Link.STL,"0,752941176470588","0,752941176470588","0,752941176470588",1,0,0,0,0,0,0,package://umanoa/meshes/mano_dx_Link.STL,,Articulating Man Complete ASMstp.STEP-1/Right Arm ArtM ASM.STEP-1/Right Hand ArtM ASM.STEP-1/LittleFinger ArrtM ASM-1.STEP-1/Index FingerNailt.STEP-1;Articulating Man Complete ASMstp.STEP-1/Right Arm ArtM ASM.STEP-1/Right Hand ArtM ASM.STEP-1/LittleFinger ArrtM ASM-1.STEP-1/LittleFinger 2nd Joint.STEP-1;Articulating Man Complete ASMstp.STEP-1/Right Arm ArtM ASM.STEP-1/Right Hand ArtM ASM.STEP-1/LittleFinger ArrtM ASM-1.STEP-1/LittleFinger 1st Joint.STEP-1;Articulating Man Complete ASMstp.STEP-1/Right Arm ArtM ASM.STEP-1/Right Hand ArtM ASM.STEP-1/IndexFinger ArrtM ASM-3.STEP-1/IndexFinger 1st Joint.STEP-1;Articulating Man Complete ASMstp.STEP-1/Right Arm ArtM ASM.STEP-1/Right Hand ArtM ASM.STEP-1/IndexFinger ArrtM ASM-3.STEP-1/IndexFinger 1st Joint.STEP-2;Articulating Man Complete ASMstp.STEP-1/Right Arm ArtM ASM.STEP-1/Right Hand ArtM ASM.STEP-1/IndexFinger ArrtM ASM-3.STEP-1/Index FingerNailt.STEP-1;Articulating Man Complete ASMstp.STEP-1/Right Arm ArtM ASM.STEP-1/Right Hand ArtM ASM.STEP-1/MiddlelFinger ArrtM ASM-1.STEP-1/IndexFinger 1st Joint.STEP-1;Articulating Man Complete ASMstp.STEP-1/Right Arm ArtM ASM.STEP-1/Right Hand ArtM ASM.STEP-1/MiddlelFinger ArrtM ASM-1.STEP-1/Index FingerNailt.STEP-1;Articulating Man Complete ASMstp.STEP-1/Right Arm ArtM ASM.STEP-1/Right Hand ArtM ASM.STEP-1/MiddlelFinger ArrtM ASM-1.STEP-1/MiddleFinger 1st Joint.STEP-1;Articulating Man Complete ASMstp.STEP-1/Right Arm ArtM ASM.STEP-1/Right Hand ArtM ASM.STEP-1/Thumb ArtM Asm-1.STEP-1/Thumb 2st Joint.STEP-1;Articulating Man Complete ASMstp.STEP-1/Right Arm ArtM ASM.STEP-1/Right Hand ArtM ASM.STEP-1/Thumb ArtM Asm-1.STEP-1/Thumb 3rd Joint.STEP-1;Articulating Man Complete ASMstp.STEP-1/Right Arm ArtM ASM.STEP-1/Right Hand ArtM ASM.STEP-1/Thumb ArtM Asm-1.STEP-1/Thumb 1st Joint.STEP-1;Articulating Man Complete ASMstp.STEP-1/Right Arm ArtM ASM.STEP-1/Right Hand ArtM ASM.STEP-1/Right Hand Base ArtM.STEP-1;Articulating Man Complete ASMstp.STEP-1/Right Arm ArtM ASM.STEP-1/Right Hand ArtM ASM.STEP-1/IndexFinger ArrtM ASM-2.STEP-1/Index FingerNailt.STEP-1;Articulating Man Complete ASMstp.STEP-1/Right Arm ArtM ASM.STEP-1/Right Hand ArtM ASM.STEP-1/IndexFinger ArrtM ASM-2.STEP-1/IndexFinger 1st Joint.STEP-2;Articulating Man Complete ASMstp.STEP-1/Right Arm ArtM ASM.STEP-1/Right Hand ArtM ASM.STEP-1/IndexFinger ArrtM ASM-2.STEP-1/IndexFinger 1st Joint.STEP-1,s_polso_dx,,polso-dx,fixed,0,0,0,0,0,0,mano_dx_rz_Link,0,0,0,,,,,,,,,,,,
bicipite_sx_Link,"0,108582025328863","-0,100757209649031","-0,040279031544695",0,0,0,"4,94739357728019","0,0484633832241138","0,0058625732645538","0,00278211363604115","0,016555517012349","-0,0124179445995877","0,0445637006865341",0,0,0,0,0,0,package://umanoa/meshes/bicipite_sx_Link.STL,"0,752941176470588","0,752941176470588","0,752941176470588",1,0,0,0,0,0,0,package://umanoa/meshes/bicipite_sx_Link.STL,,Articulating Man Complete ASMstp.STEP-1/Left Arm ArtM ASM.STEP-1/Left Humerus-Biceps.STEP-1,s_spalla_sx,,spalla_sx,fixed,"0,15113","0,47498",0,0,0,0,busto_rz_Link,0,0,0,,,,,,,,,,,,
bicipite_sx_rx_Link,"0,108582025328863","-0,100757209649031","-0,040279031544695",0,0,0,"4,94739357728019","0,0484633832241138","0,0058625732645538","0,00278211363604115","0,016555517012349","-0,0124179445995877","0,0445637006865341",0,0,0,0,0,0,package://umanoa/meshes/bicipite_sx_rx_Link.STL,"0,752941176470588","0,752941176470588","0,752941176470588",1,0,0,0,0,0,0,package://umanoa/meshes/bicipite_sx_rx_Link.STL,,Articulating Man Complete ASMstp.STEP-1/Left Arm ArtM ASM.STEP-1/Left Humerus-Biceps.STEP-1,s_spalla_sx,a_spalla_sx_x,spalla_sx_rx,revolute,0,0,0,0,0,0,bicipite_sx_Link,-1,0,0,0,0,"-1,05","2,44",,,,,,,,
bicipite_sx_ry_Link,"0,108582025328863","-0,100757209649031","-0,040279031544695",0,0,0,"4,94739357728019","0,0484633832241138","0,0058625732645538","0,00278211363604115","0,016555517012349","-0,0124179445995877","0,0445637006865341",0,0,0,0,0,0,package://umanoa/meshes/bicipite_sx_ry_Link.STL,"0,752941176470588","0,752941176470588","0,752941176470588",1,0,0,0,0,0,0,package://umanoa/meshes/bicipite_sx_ry_Link.STL,,Articulating Man Complete ASMstp.STEP-1/Left Arm ArtM ASM.STEP-1/Left Humerus-Biceps.STEP-1,s_spalla_sx,a_spalla_sx_y,spalla_sx_ry,revolute,0,0,0,0,0,0,bicipite_sx_rx_Link,0,1,0,0,0,"-1,57","1,4",,,,,,,,
bicipite_sx_rz_Link,"0,108582025328863","-0,100757209649031","-0,040279031544695",0,0,0,"4,94739357728019","0,0484633832241138","0,0058625732645538","0,00278211363604115","0,016555517012349","-0,0124179445995877","0,0445637006865341",0,0,0,0,0,0,package://umanoa/meshes/bicipite_sx_rz_Link.STL,"0,752941176470588","0,752941176470588","0,752941176470588",1,0,0,0,0,0,0,package://umanoa/meshes/bicipite_sx_rz_Link.STL,,Articulating Man Complete ASMstp.STEP-1/Left Arm ArtM ASM.STEP-1/Left Humerus-Biceps.STEP-1,s_spalla_sx,a_spalla_sx_z,spalla_sx_rz,revolute,0,0,0,0,0,0,bicipite_sx_ry_Link,0,0,1,0,0,"-2,62","0,87",,,,,,,,
avambraccio_sx_rx_Link,"-0,000456727189665218","-0,00413403239961016","0,112610797703676",0,0,0,"2,47454926258547","0,0218870994895058","0,000411085040104089","-0,000604412687192958","0,0196307526217198","0,00633516549054064","0,00549072087738548",0,0,0,0,0,0,package://umanoa/meshes/avambraccio_sx_rx_Link.STL,1,1,1,1,0,0,0,0,0,0,package://umanoa/meshes/avambraccio_sx_rx_Link.STL,,Articulating Man Complete ASMstp.STEP-1/Left Arm ArtM ASM.STEP-1/ForeArm ArtM.STEP-1,s_gomito_sx,a_gomito_sx,gomito_sx_rx,revolute,"0,13309","-0,29866","-0,10954",0,0,0,bicipite_sx_rz_Link,1,0,0,0,0,"-1,57","1,05",,,,,,,,
mano_sx_rx_Link,"-0,00564009436764451","-0,0162383580516536","0,110322190347408",0,0,0,"1,09976469119972","0,00175137952749591","-4,73615273596413E-06","2,58128012984874E-05","0,00199074137888703","0,000398494695785101","0,000826647756442143",0,0,0,0,0,0,package://umanoa/meshes/mano_sx_rx_Link.STL,"0,752941176470588","0,752941176470588","0,752941176470588",1,0,0,0,0,0,0,package://umanoa/meshes/mano_sx_rx_Link.STL,,Articulating Man Complete ASMstp.STEP-1/Left Arm ArtM ASM.STEP-1/Leaft Hand ArtM ASM.STEP-1/IndexFinger ArrtM ASM.STEP-1/IndexFinger 1st Joint.STEP-1;Articulating Man Complete ASMstp.STEP-1/Left Arm ArtM ASM.STEP-1/Leaft Hand ArtM ASM.STEP-1/IndexFinger ArrtM ASM.STEP-1/IndexFinger 1st Joint.STEP-2;Articulating Man Complete ASMstp.STEP-1/Left Arm ArtM ASM.STEP-1/Leaft Hand ArtM ASM.STEP-1/IndexFinger ArrtM ASM.STEP-1/Index FingerNailt.STEP-1;Articulating Man Complete ASMstp.STEP-1/Left Arm ArtM ASM.STEP-1/Leaft Hand ArtM ASM.STEP-1/LittleFinger ArrtM ASM.STEP-1/LittleFinger 1st Joint.STEP-1;Articulating Man Complete ASMstp.STEP-1/Left Arm ArtM ASM.STEP-1/Leaft Hand ArtM ASM.STEP-1/LittleFinger ArrtM ASM.STEP-1/LittleFinger 2nd Joint.STEP-1;Articulating Man Complete ASMstp.STEP-1/Left Arm ArtM ASM.STEP-1/Leaft Hand ArtM ASM.STEP-1/LittleFinger ArrtM ASM.STEP-1/Index FingerNailt.STEP-1;Articulating Man Complete ASMstp.STEP-1/Left Arm ArtM ASM.STEP-1/Leaft Hand ArtM ASM.STEP-1/MiddlelFinger ArrtM ASM.STEP-1/Index FingerNailt.STEP-1;Articulating Man Complete ASMstp.STEP-1/Left Arm ArtM ASM.STEP-1/Leaft Hand ArtM ASM.STEP-1/MiddlelFinger ArrtM ASM.STEP-1/IndexFinger 1st Joint.STEP-1;Articulating Man Complete ASMstp.STEP-1/Left Arm ArtM ASM.STEP-1/Leaft Hand ArtM ASM.STEP-1/MiddlelFinger ArrtM ASM.STEP-1/MiddleFinger 1st Joint.STEP-1;Articulating Man Complete ASMstp.STEP-1/Left Arm ArtM ASM.STEP-1/Leaft Hand ArtM ASM.STEP-1/Thumb ArtM Asm.STEP-1/Thumb 3rd Joint.STEP-1;Articulating Man Complete ASMstp.STEP-1/Left Arm ArtM ASM.STEP-1/Leaft Hand ArtM ASM.STEP-1/Thumb ArtM Asm.STEP-1/Thumb 2st Joint.STEP-1;Articulating Man Complete ASMstp.STEP-1/Left Arm ArtM ASM.STEP-1/Leaft Hand ArtM ASM.STEP-1/Thumb ArtM Asm.STEP-1/Thumb 1st Joint.STEP-1;Articulating Man Complete ASMstp.STEP-1/Left Arm ArtM ASM.STEP-1/Leaft Hand ArtM ASM.STEP-1/Left Hand Base ArtM.STEP-1;Articulating Man Complete ASMstp.STEP-1/Left Arm ArtM ASM.STEP-1/Leaft Hand ArtM ASM.STEP-1/IndexFinger ArrtM ASM-1.STEP-1/IndexFinger 1st Joint.STEP-2;Articulating Man Complete ASMstp.STEP-1/Left Arm ArtM ASM.STEP-1/Leaft Hand ArtM ASM.STEP-1/IndexFinger ArrtM ASM-1.STEP-1/IndexFinger 1st Joint.STEP-1;Articulating Man Complete ASMstp.STEP-1/Left Arm ArtM ASM.STEP-1/Leaft Hand ArtM ASM.STEP-1/IndexFinger ArrtM ASM-1.STEP-1/Index FingerNailt.STEP-1,s_polso_sx,a_polso_sx,polso_sx_rx,revolute,"0,0054506","-0,067753","0,27698",0,0,0,avambraccio_sx_rx_Link,1,0,0,0,0,"-1,05","1,05",,,,,,,,
mano_sx_ry_Link,"-0,00564009436764457","-0,0162383580516536","0,110322190347408",0,0,0,"1,09976469119972","0,00175137952749591","-4,73615273596413E-06","2,58128012984874E-05","0,00199074137888703","0,000398494695785101","0,000826647756442142",0,0,0,0,0,0,package://umanoa/meshes/mano_sx_ry_Link.STL,"0,752941176470588","0,752941176470588","0,752941176470588",1,0,0,0,0,0,0,package://umanoa/meshes/mano_sx_ry_Link.STL,,Articulating Man Complete ASMstp.STEP-1/Left Arm ArtM ASM.STEP-1/Leaft Hand ArtM ASM.STEP-1/IndexFinger ArrtM ASM.STEP-1/IndexFinger 1st Joint.STEP-1;Articulating Man Complete ASMstp.STEP-1/Left Arm ArtM ASM.STEP-1/Leaft Hand ArtM ASM.STEP-1/IndexFinger ArrtM ASM.STEP-1/IndexFinger 1st Joint.STEP-2;Articulating Man Complete ASMstp.STEP-1/Left Arm ArtM ASM.STEP-1/Leaft Hand ArtM ASM.STEP-1/IndexFinger ArrtM ASM.STEP-1/Index FingerNailt.STEP-1;Articulating Man Complete ASMstp.STEP-1/Left Arm ArtM ASM.STEP-1/Leaft Hand ArtM ASM.STEP-1/LittleFinger ArrtM ASM.STEP-1/LittleFinger 1st Joint.STEP-1;Articulating Man Complete ASMstp.STEP-1/Left Arm ArtM ASM.STEP-1/Leaft Hand ArtM ASM.STEP-1/LittleFinger ArrtM ASM.STEP-1/LittleFinger 2nd Joint.STEP-1;Articulating Man Complete ASMstp.STEP-1/Left Arm ArtM ASM.STEP-1/Leaft Hand ArtM ASM.STEP-1/LittleFinger ArrtM ASM.STEP-1/Index FingerNailt.STEP-1;Articulating Man Complete ASMstp.STEP-1/Left Arm ArtM ASM.STEP-1/Leaft Hand ArtM ASM.STEP-1/MiddlelFinger ArrtM ASM.STEP-1/Index FingerNailt.STEP-1;Articulating Man Complete ASMstp.STEP-1/Left Arm ArtM ASM.STEP-1/Leaft Hand ArtM ASM.STEP-1/MiddlelFinger ArrtM ASM.STEP-1/IndexFinger 1st Joint.STEP-1;Articulating Man Complete ASMstp.STEP-1/Left Arm ArtM ASM.STEP-1/Leaft Hand ArtM ASM.STEP-1/MiddlelFinger ArrtM ASM.STEP-1/MiddleFinger 1st Joint.STEP-1;Articulating Man Complete ASMstp.STEP-1/Left Arm ArtM ASM.STEP-1/Leaft Hand ArtM ASM.STEP-1/Thumb ArtM Asm.STEP-1/Thumb 3rd Joint.STEP-1;Articulating Man Complete ASMstp.STEP-1/Left Arm ArtM ASM.STEP-1/Leaft Hand ArtM ASM.STEP-1/Thumb ArtM Asm.STEP-1/Thumb 2st Joint.STEP-1;Articulating Man Complete ASMstp.STEP-1/Left Arm ArtM ASM.STEP-1/Leaft Hand ArtM ASM.STEP-1/Thumb ArtM Asm.STEP-1/Thumb 1st Joint.STEP-1;Articulating Man Complete ASMstp.STEP-1/Left Arm ArtM ASM.STEP-1/Leaft Hand ArtM ASM.STEP-1/Left Hand Base ArtM.STEP-1;Articulating Man Complete ASMstp.STEP-1/Left Arm ArtM ASM.STEP-1/Leaft Hand ArtM ASM.STEP-1/IndexFinger ArrtM ASM-1.STEP-1/IndexFinger 1st Joint.STEP-2;Articulating Man Complete ASMstp.STEP-1/Left Arm ArtM ASM.STEP-1/Leaft Hand ArtM ASM.STEP-1/IndexFinger ArrtM ASM-1.STEP-1/IndexFinger 1st Joint.STEP-1;Articulating Man Complete ASMstp.STEP-1/Left Arm ArtM ASM.STEP-1/Leaft Hand ArtM ASM.STEP-1/IndexFinger ArrtM ASM-1.STEP-1/Index FingerNailt.STEP-1,s_polso_sx,a_polso_sx_y,polso_sx_ry,revolute,0,0,0,0,0,0,mano_sx_rx_Link,0,-1,0,0,0,"-0,52","0,35",,,,,,,,
mano_sx_rz_Link,"-0,00564009436764457","-0,0162383580516536","0,110322190347408",0,0,0,"1,09976469119972","0,00175137952749591","-4,73615273596413E-06","2,58128012984874E-05","0,00199074137888703","0,000398494695785101","0,000826647756442142",0,0,0,0,0,0,package://umanoa/meshes/mano_sx_rz_Link.STL,"0,752941176470588","0,752941176470588","0,752941176470588",1,0,0,0,0,0,0,package://umanoa/meshes/mano_sx_rz_Link.STL,,Articulating Man Complete ASMstp.STEP-1/Left Arm ArtM ASM.STEP-1/Leaft Hand ArtM ASM.STEP-1/IndexFinger ArrtM ASM.STEP-1/IndexFinger 1st Joint.STEP-1;Articulating Man Complete ASMstp.STEP-1/Left Arm ArtM ASM.STEP-1/Leaft Hand ArtM ASM.STEP-1/IndexFinger ArrtM ASM.STEP-1/IndexFinger 1st Joint.STEP-2;Articulating Man Complete ASMstp.STEP-1/Left Arm ArtM ASM.STEP-1/Leaft Hand ArtM ASM.STEP-1/IndexFinger ArrtM ASM.STEP-1/Index FingerNailt.STEP-1;Articulating Man Complete ASMstp.STEP-1/Left Arm ArtM ASM.STEP-1/Leaft Hand ArtM ASM.STEP-1/LittleFinger ArrtM ASM.STEP-1/LittleFinger 1st Joint.STEP-1;Articulating Man Complete ASMstp.STEP-1/Left Arm ArtM ASM.STEP-1/Leaft Hand ArtM ASM.STEP-1/LittleFinger ArrtM ASM.STEP-1/LittleFinger 2nd Joint.STEP-1;Articulating Man Complete ASMstp.STEP-1/Left Arm ArtM ASM.STEP-1/Leaft Hand ArtM ASM.STEP-1/LittleFinger ArrtM ASM.STEP-1/Index FingerNailt.STEP-1;Articulating Man Complete ASMstp.STEP-1/Left Arm ArtM ASM.STEP-1/Leaft Hand ArtM ASM.STEP-1/MiddlelFinger ArrtM ASM.STEP-1/Index FingerNailt.STEP-1;Articulating Man Complete ASMstp.STEP-1/Left Arm ArtM ASM.STEP-1/Leaft Hand ArtM ASM.STEP-1/MiddlelFinger ArrtM ASM.STEP-1/IndexFinger 1st Joint.STEP-1;Articulating Man Complete ASMstp.STEP-1/Left Arm ArtM ASM.STEP-1/Leaft Hand ArtM ASM.STEP-1/MiddlelFinger ArrtM ASM.STEP-1/MiddleFinger 1st Joint.STEP-1;Articulating Man Complete ASMstp.STEP-1/Left Arm ArtM ASM.STEP-1/Leaft Hand ArtM ASM.STEP-1/Thumb ArtM Asm.STEP-1/Thumb 3rd Joint.STEP-1;Articulating Man Complete ASMstp.STEP-1/Left Arm ArtM ASM.STEP-1/Leaft Hand ArtM ASM.STEP-1/Thumb ArtM Asm.STEP-1/Thumb 2st Joint.STEP-1;Articulating Man Complete ASMstp.STEP-1/Left Arm ArtM ASM.STEP-1/Leaft Hand ArtM ASM.STEP-1/Thumb ArtM Asm.STEP-1/Thumb 1st Joint.STEP-1;Articulating Man Complete ASMstp.STEP-1/Left Arm ArtM ASM.STEP-1/Leaft Hand ArtM ASM.STEP-1/Left Hand Base ArtM.STEP-1;Articulating Man Complete ASMstp.STEP-1/Left Arm ArtM ASM.STEP-1/Leaft Hand ArtM ASM.STEP-1/IndexFinger ArrtM ASM-1.STEP-1/IndexFinger 1st Joint.STEP-2;Articulating Man Complete ASMstp.STEP-1/Left Arm ArtM ASM.STEP-1/Leaft Hand ArtM ASM.STEP-1/IndexFinger ArrtM ASM-1.STEP-1/IndexFinger 1st Joint.STEP-1;Articulating Man Complete ASMstp.STEP-1/Left Arm ArtM ASM.STEP-1/Leaft Hand ArtM ASM.STEP-1/IndexFinger ArrtM ASM-1.STEP-1/Index FingerNailt.STEP-1,s_polso_sx,a_polso_sx_z,polso_sx_rz,revolute,0,0,0,0,0,0,mano_sx_ry_Link,0,0,1,0,0,"-1,4","1,4",,,,,,,,
mano_sx_Link,"-0,00564009436764451","-0,0162383580516536","0,110322190347408",0,0,0,"1,09976469119972","0,00175137952749591","-4,73615273596413E-06","2,58128012984874E-05","0,00199074137888703","0,000398494695785101","0,000826647756442142",0,0,0,0,0,0,package://umanoa/meshes/mano_sx_Link.STL,"0,752941176470588","0,752941176470588","0,752941176470588",1,0,0,0,0,0,0,package://umanoa/meshes/mano_sx_Link.STL,,Articulating Man Complete ASMstp.STEP-1/Left Arm ArtM ASM.STEP-1/Leaft Hand ArtM ASM.STEP-1/IndexFinger ArrtM ASM.STEP-1/IndexFinger 1st Joint.STEP-1;Articulating Man Complete ASMstp.STEP-1/Left Arm ArtM ASM.STEP-1/Leaft Hand ArtM ASM.STEP-1/IndexFinger ArrtM ASM.STEP-1/IndexFinger 1st Joint.STEP-2;Articulating Man Complete ASMstp.STEP-1/Left Arm ArtM ASM.STEP-1/Leaft Hand ArtM ASM.STEP-1/IndexFinger ArrtM ASM.STEP-1/Index FingerNailt.STEP-1;Articulating Man Complete ASMstp.STEP-1/Left Arm ArtM ASM.STEP-1/Leaft Hand ArtM ASM.STEP-1/LittleFinger ArrtM ASM.STEP-1/LittleFinger 1st Joint.STEP-1;Articulating Man Complete ASMstp.STEP-1/Left Arm ArtM ASM.STEP-1/Leaft Hand ArtM ASM.STEP-1/LittleFinger ArrtM ASM.STEP-1/LittleFinger 2nd Joint.STEP-1;Articulating Man Complete ASMstp.STEP-1/Left Arm ArtM ASM.STEP-1/Leaft Hand ArtM ASM.STEP-1/LittleFinger ArrtM ASM.STEP-1/Index FingerNailt.STEP-1;Articulating Man Complete ASMstp.STEP-1/Left Arm ArtM ASM.STEP-1/Leaft Hand ArtM ASM.STEP-1/MiddlelFinger ArrtM ASM.STEP-1/Index FingerNailt.STEP-1;Articulating Man Complete ASMstp.STEP-1/Left Arm ArtM ASM.STEP-1/Leaft Hand ArtM ASM.STEP-1/MiddlelFinger ArrtM ASM.STEP-1/IndexFinger 1st Joint.STEP-1;Articulating Man Complete ASMstp.STEP-1/Left Arm ArtM ASM.STEP-1/Leaft Hand ArtM ASM.STEP-1/MiddlelFinger ArrtM ASM.STEP-1/MiddleFinger 1st Joint.STEP-1;Articulating Man Complete ASMstp.STEP-1/Left Arm ArtM ASM.STEP-1/Leaft Hand ArtM ASM.STEP-1/Thumb ArtM Asm.STEP-1/Thumb 3rd Joint.STEP-1;Articulating Man Complete ASMstp.STEP-1/Left Arm ArtM ASM.STEP-1/Leaft Hand ArtM ASM.STEP-1/Thumb ArtM Asm.STEP-1/Thumb 2st Joint.STEP-1;Articulating Man Complete ASMstp.STEP-1/Left Arm ArtM ASM.STEP-1/Leaft Hand ArtM ASM.STEP-1/Thumb ArtM Asm.STEP-1/Thumb 1st Joint.STEP-1;Articulating Man Complete ASMstp.STEP-1/Left Arm ArtM ASM.STEP-1/Leaft Hand ArtM ASM.STEP-1/Left Hand Base ArtM.STEP-1;Articulating Man Complete ASMstp.STEP-1/Left Arm ArtM ASM.STEP-1/Leaft Hand ArtM ASM.STEP-1/IndexFinger ArrtM ASM-1.STEP-1/IndexFinger 1st Joint.STEP-2;Articulating Man Complete ASMstp.STEP-1/Left Arm ArtM ASM.STEP-1/Leaft Hand ArtM ASM.STEP-1/IndexFinger ArrtM ASM-1.STEP-1/IndexFinger 1st Joint.STEP-1;Articulating Man Complete ASMstp.STEP-1/Left Arm ArtM ASM.STEP-1/Leaft Hand ArtM ASM.STEP-1/IndexFinger ArrtM ASM-1.STEP-1/Index FingerNailt.STEP-1,s_polso_sx,Axis_polso_sx,polso_sx,fixed,0,0,0,0,0,0,mano_sx_rz_Link,0,0,0,,,,,,,,,,,,
